{
  "Pclass": 328.0099098980427,
  "Age": 369.3592107700315,
  "SibSp": 12.849402964115143,
  "Parch": 7.233548387885094,
  "Fare_log": 537.7460330686008,
  "Dona.": 0.0,
  "Mrs.": 5.040466070175171,
  "Dr.": 0.0,
  "Sir.": 0.0,
  "Major.": 0.0,
  "Jonkheer.": 0.0,
  "Col.": 0.0,
  "Countess.": 0.0,
  "Lady.": 0.0,
  "Ms.": 0.0,
  "Mme.": 0.0,
  "Miss.": 4.756763994693756,
  "Mlle.": 0.0,
  "Rev.": 0.0,
  "Don.": 0.0,
  "Master.": 18.371511846780777,
  "Mr.": 1131.378558576107,
  "Capt.": 0.0,
  "Family": 196.76898603478912,
  "mean_Fare_by_Sex": 138.5685088634491,
  "count_Sex_x_Embarked": 30.123014713000885,
  "Sex_female": 0.0,
  "Sex_male": 0.0,
  "Embarked_C": 15.38320016860962,
  "Embarked_Q": 0.842411994934082,
  "Embarked_S": 3.839165821671486,
  "Age_bin_U10s": 0.0,
  "Age_bin_10s": 0.8717139959335327,
  "Age_bin_20s": 51.0552262943238,
  "Age_bin_30s": 3.1784440875053406,
  "Age_bin_40s": 0.8370040059089661,
  "Age_bin_over50s": 0.0,
  "Cabin_label_A": 0.0,
  "Cabin_label_B": 0.0,
  "Cabin_label_C": 15.36852708645165,
  "Cabin_label_D": 2.371093988418579,
  "Cabin_label_E": 4.450677990913391,
  "Cabin_label_F": 0.0,
  "Cabin_label_G": 0.0,
  "Cabin_label_T": 0.0,
  "Cabin_label_U": 97.94811975955963
}