{
  "Pclass": 237.3869189620018,
  "Age": 252.81563548491977,
  "SibSp": 3.643172681215219,
  "Parch": 2.3224599361419678,
  "Fare_log": 358.87228351959493,
  "Dona.": 0.0,
  "Mrs.": 5.393036216148175,
  "Dr.": 0.0,
  "Sir.": 0.0,
  "Major.": 0.0,
  "Jonkheer.": 0.0,
  "Col.": 0.0,
  "Countess.": 0.0,
  "Lady.": 0.0,
  "Ms.": 0.0,
  "Mme.": 0.0,
  "Miss.": 0.29895299673080444,
  "Mlle.": 0.0,
  "Rev.": 0.0,
  "Don.": 0.0,
  "Master.": 127.49565935134888,
  "Mr.": 426.8416271209717,
  "Capt.": 0.0,
  "Family": 126.99724850058556,
  "mean_Fare_by_Sex": 888.6968665122986,
  "count_Sex_x_Embarked": 55.65904915332794,
  "Sex_female": 0.0,
  "Sex_male": 0.0,
  "Embarked_C": 1.6633069515228271,
  "Embarked_Q": 5.23229306936264,
  "Embarked_S": 0.7145190238952637,
  "Age_bin_U10s": 0.0,
  "Age_bin_10s": 0.0,
  "Age_bin_20s": 40.12133561074734,
  "Age_bin_30s": 9.087222440168262,
  "Age_bin_40s": 0.4733169972896576,
  "Age_bin_over50s": 0.0,
  "Cabin_label_A": 0.0,
  "Cabin_label_B": 0.0,
  "Cabin_label_C": 4.114338994026184,
  "Cabin_label_D": 0.0,
  "Cabin_label_E": 0.0,
  "Cabin_label_F": 0.0,
  "Cabin_label_G": 0.0,
  "Cabin_label_T": 0.0,
  "Cabin_label_U": 78.8496698141098
}