{
  "Pclass": 321.9657267034054,
  "Age": 246.85309093730757,
  "SibSp": 5.446242381585762,
  "Parch": 2.6494699716567993,
  "Fare_log": 526.677023972934,
  "Dona.": 0.0,
  "Mrs.": 0.6965709924697876,
  "Dr.": 0.0,
  "Sir.": 0.0,
  "Major.": 0.0,
  "Jonkheer.": 0.0,
  "Col.": 0.0,
  "Countess.": 0.0,
  "Lady.": 0.0,
  "Ms.": 0.0,
  "Mme.": 0.0,
  "Miss.": 13.606037139892578,
  "Mlle.": 0.0,
  "Rev.": 0.0,
  "Don.": 0.0,
  "Master.": 4.665960073471069,
  "Mr.": 1257.1470544338226,
  "Capt.": 0.0,
  "Family": 129.1049358844757,
  "mean_Fare_by_Sex": 112.96213006973267,
  "count_Sex_x_Embarked": 34.055467730460805,
  "Sex_female": 0.0,
  "Sex_male": 3.32213294506073,
  "Embarked_C": 12.921296733024064,
  "Embarked_Q": 0.0,
  "Embarked_S": 7.583950221538544,
  "Age_bin_U10s": 0.0,
  "Age_bin_10s": 0.027099600061774254,
  "Age_bin_20s": 28.45616203546524,
  "Age_bin_30s": 2.892218053340912,
  "Age_bin_40s": 0.0,
  "Age_bin_over50s": 0.0,
  "Cabin_label_A": 0.0,
  "Cabin_label_B": 0.0,
  "Cabin_label_C": 13.854650795459747,
  "Cabin_label_D": 0.0,
  "Cabin_label_E": 20.15440011024475,
  "Cabin_label_F": 0.0,
  "Cabin_label_G": 0.0,
  "Cabin_label_T": 0.0,
  "Cabin_label_U": 19.85617995262146
}