{
  "Pclass": 239.0216930322349,
  "Age": 346.1977607422564,
  "SibSp": 10.750087052583694,
  "Parch": 15.705507963895798,
  "Fare_log": 527.582500063274,
  "Dona.": 0.0,
  "Mrs.": 7.290983371008679,
  "Dr.": 0.0,
  "Sir.": 0.0,
  "Major.": 0.0,
  "Jonkheer.": 0.0,
  "Col.": 0.0,
  "Countess.": 0.0,
  "Lady.": 0.0,
  "Ms.": 0.0,
  "Mme.": 0.0,
  "Miss.": 1.8530974036548287,
  "Mlle.": 0.0,
  "Rev.": 0.0,
  "Don.": 0.0,
  "Master.": 120.6404197216034,
  "Mr.": 569.5275864601135,
  "Capt.": 0.0,
  "Family": 219.31929022073746,
  "mean_Fare_by_Sex": 680.0959255695343,
  "count_Sex_x_Embarked": 24.777362418981284,
  "Sex_female": 0.0,
  "Sex_male": 0.0,
  "Embarked_C": 23.861755706369877,
  "Embarked_Q": 15.979825139045715,
  "Embarked_S": 2.8808099925518036,
  "Age_bin_U10s": 0.0,
  "Age_bin_10s": 2.040292978286743,
  "Age_bin_20s": 21.056562930345535,
  "Age_bin_30s": 6.46317308396101,
  "Age_bin_40s": 2.1548649668693542,
  "Age_bin_over50s": 0.0,
  "Cabin_label_A": 0.0,
  "Cabin_label_B": 0.0,
  "Cabin_label_C": 3.620229737367481,
  "Cabin_label_D": 9.101620078086853,
  "Cabin_label_E": 1.6299059987068176,
  "Cabin_label_F": 0.0,
  "Cabin_label_G": 0.0,
  "Cabin_label_T": 0.0,
  "Cabin_label_U": 89.43576449155807
}