{
  "Pclass": 152.39808064699173,
  "Age": 211.561810683168,
  "SibSp": 11.472287103533745,
  "Parch": 0.14428000152111053,
  "Fare_log": 431.3743659441134,
  "Dona.": 0.0,
  "Mrs.": 7.683483958244324,
  "Dr.": 0.0,
  "Sir.": 0.0,
  "Major.": 0.0,
  "Jonkheer.": 0.0,
  "Col.": 0.0,
  "Countess.": 0.0,
  "Lady.": 0.0,
  "Ms.": 0.0,
  "Mme.": 0.0,
  "Miss.": 4.7776899337768555,
  "Mlle.": 0.0,
  "Rev.": 0.0,
  "Don.": 0.0,
  "Master.": 0.0,
  "Mr.": 1111.9497938156128,
  "Capt.": 0.0,
  "Family": 229.16500641405582,
  "mean_Fare_by_Sex": 92.47027087211609,
  "count_Sex_x_Embarked": 4.01359386742115,
  "Sex_female": 0.0,
  "Sex_male": 0.0,
  "Embarked_C": 10.631450057029724,
  "Embarked_Q": 0.0,
  "Embarked_S": 0.0,
  "Age_bin_U10s": 0.0,
  "Age_bin_10s": 1.2824300527572632,
  "Age_bin_20s": 17.25651489943266,
  "Age_bin_30s": 0.15145500004291534,
  "Age_bin_40s": 0.0,
  "Age_bin_over50s": 0.0,
  "Cabin_label_A": 0.0,
  "Cabin_label_B": 0.0,
  "Cabin_label_C": 0.0,
  "Cabin_label_D": 0.0,
  "Cabin_label_E": 15.500479698181152,
  "Cabin_label_F": 0.0,
  "Cabin_label_G": 0.0,
  "Cabin_label_T": 0.0,
  "Cabin_label_U": 96.67157995700836
}